centroid_affinity_acc,jsd_overall
0.18608490566037736,0.04438534064735228
0.20023584905660377,0.040073988108586964
