centroid_affinity_acc,jsd_overall
1.0,0.03191236930628697
1.0,0.013724402174785561
